"id","age","dietaryRestrictions","email","firstName","lastName","likesCheese","phoneNumber"
"817180cc-1891-407a-a51f-41c4647e8466","41","Vegetarian","diana.garcia@test.org","Diana","Garcia","true","+1 (555) 880-9101"
"c1d1d0ea-1891-438a-809c-d4fb847fbdb5","59","None","hector.garcia@test.org","Hector","Garcia","false","+1 (555) 402-1775"
"7ad266b3-865a-4084-ba39-65de4a1a8452","29","Keto","bob.garcia@test.org","Bob","Garcia","true","+1 (555) 760-2391"
"3855c13f-61e2-4492-8c33-0147224d8b9d","60","Pescatarian","grace.martinez@example.com","Grace","Martinez","true","+1 (555) 727-1163"
"b9575219-d07e-45af-a574-f4a1a83e1ed0","50","Keto","alice.martinez@example.com","Alice","Martinez","false","+1 (555) 110-8767"
"841e662f-ff06-47aa-959e-262b1f92777e","34","None","eve.williams@test.org","Eve","Williams","true","+1 (555) 369-8872"
"54957d73-7399-4732-aebd-0b454d5b66d4","30","Keto","grace.brown@mail.com","Grace","Brown","false","+1 (555) 964-1236"
"d94214c7-67a7-493b-b7bd-3b20ed5501db","48","Keto","grace.jones@mail.com","Grace","Jones","true","+1 (555) 214-6100"
"bade48f9-5951-4143-ba44-228dab026ae3","52","Keto","charlie.davis@test.org","Charlie","Davis","true","+1 (555) 862-7672"
"100a74b6-6965-491f-a487-9e68c8e0f156","77","Keto","bob.garcia@example.com","Bob","Garcia","true","+1 (555) 869-3536"
"0dafeedc-a696-4c7b-9ef8-c3ce4330ee6e","66","Pescatarian","eve.garcia@test.org","Eve","Garcia","true","+1 (555) 300-4358"
"7ae63bef-7ebd-452f-a002-5a94b2c9416f","63","Vegan","jack.miller@mail.com","Jack","Miller","true","+1 (555) 228-7980"
"7b9d1c1d-cb68-4a54-af3a-7a9e40786b44","63","Keto","diana.jones@example.com","Diana","Jones","true","+1 (555) 734-4990"
"5d6e7d21-ab4d-49d6-ac14-b4bba67870ce","59","Vegan","eve.garcia@example.com","Eve","Garcia","false","+1 (555) 984-6613"
"ea28ac81-cd3a-47f2-bc0d-c7171e4e0334","80","Pescatarian","frank.miller@example.com","Frank","Miller","true","+1 (555) 594-1589"
"f6fb7254-7c08-4ce5-b4aa-b29591f8505e","78","Vegetarian","charlie.jones@test.org","Charlie","Jones","true","+1 (555) 997-5741"
"ff662da7-d12d-4468-9b08-a873f8e2f184","62","Paleo","grace.davis@mail.com","Grace","Davis","false","+1 (555) 152-8651"
"ad99cdb1-3711-4e26-9c27-74cbfd7d8f12","59","None","charlie.brown@mail.com","Charlie","Brown","true","+1 (555) 234-7970"
"cd2dae29-7541-432b-bbad-2f6e34d491e4","67","Vegan","diana.johnson@mail.com","Diana","Johnson","false","+1 (555) 288-5755"
"a96ca038-9de6-414d-98dc-2d6df0628255","23","None","hector.johnson@example.com","Hector","Johnson","false","+1 (555) 502-7633"
"623121e0-f74f-445d-a4e4-9b6cc38abe37","50","Vegetarian","bob.jones@mail.com","Bob","Jones","false","+1 (555) 748-3006"
"bfea828d-64fc-41cc-bf74-772085eb3420","61","Paleo","hector.martinez@mail.com","Hector","Martinez","true","+1 (555) 514-4376"
"431e31ef-74a7-4177-ab09-1be4b096a8fa","66","Vegetarian","jack.smith@test.org","Jack","Smith","true","+1 (555) 282-9992"
"9f9ca0ed-faae-4bb0-9cb2-836d64d6ce20","71","None","diana.davis@mail.com","Diana","Davis","true","+1 (555) 667-8326"
"d1bb8b2e-c9f0-44f1-ab5a-24c974641b41","67","Vegan","bob.garcia@example.com","Bob","Garcia","false","+1 (555) 220-1626"
"dec90071-cb88-48ab-8c69-f16203a41ad8","43","Keto","bob.brown@example.com","Bob","Brown","true","+1 (555) 264-6847"
"c3f5288e-355b-4b76-8181-957ad5fd456d","56","Pescatarian","eve.jones@mail.com","Eve","Jones","true","+1 (555) 589-3511"
"ea9e9133-0165-4c19-a955-29028e3049d6","55","None","hector.rodriguez@example.com","Hector","Rodriguez","true","+1 (555) 116-4922"
"d353e9cf-2fa9-44eb-bd24-b502bc78f52c","20","Pescatarian","jack.davis@mail.com","Jack","Davis","true","+1 (555) 148-6746"
"0e631548-1f33-451b-95ce-0e20e17c70bb","26","Pescatarian","grace.johnson@mail.com","Grace","Johnson","true","+1 (555) 473-7889"
"80db9f05-1fe1-4d2c-85fa-d50b50fb820c","47","Vegetarian","ivy.garcia@example.com","Ivy","Garcia","false","+1 (555) 178-9748"
"a78a20d4-9e00-4fd2-8bb5-3fc52a4e98f2","41","Paleo","charlie.smith@example.com","Charlie","Smith","false","+1 (555) 982-6355"
"a470e660-6480-4210-97b3-f10f0baef86c","71","Vegetarian","eve.garcia@mail.com","Eve","Garcia","true","+1 (555) 379-3100"
"b3982385-865b-4475-afb0-8d52640a2de2","46","None","jack.jones@example.com","Jack","Jones","true","+1 (555) 597-2839"
"e5433d96-511f-4b5b-8ef7-cdd5b98b8b59","48","Keto","alice.williams@test.org","Alice","Williams","true","+1 (555) 979-7754"
"ed9eacc1-009c-4220-b98e-7770ca26b280","30","Keto","alice.williams@mail.com","Alice","Williams","false","+1 (555) 928-5094"
"0762c8ef-d562-4c18-9a2a-2ed3ce35411e","53","Paleo","hector.johnson@mail.com","Hector","Johnson","true","+1 (555) 862-3871"
"727fd026-f29b-4ac5-89bf-1f0c53940ba8","40","Vegan","bob.miller@test.org","Bob","Miller","true","+1 (555) 540-4132"
"b12869bf-f2bf-4724-82dd-3110f8a54cc3","68","Paleo","diana.jones@mail.com","Diana","Jones","false","+1 (555) 856-2546"
"9ceece0a-d929-4f59-8926-d0b25eec249f","70","Vegan","eve.williams@test.org","Eve","Williams","false","+1 (555) 611-2350"
"d8555ddc-2a93-4d1e-a667-4f2bad21ace9","61","Vegetarian","jack.johnson@test.org","Jack","Johnson","true","+1 (555) 356-8474"
"95f97abd-09cd-49ca-a2b8-ac4258738d97","64","Pescatarian","bob.williams@test.org","Bob","Williams","true","+1 (555) 871-2819"
"1adfadba-e3b5-4022-9212-f0d19124f850","64","Keto","bob.williams@example.com","Bob","Williams","false","+1 (555) 868-3376"
"1ee754c2-44f3-4517-ad8b-aa946ae71bf5","18","Vegan","ryanne@resist.design","Ryanne","Graff","true","+1 (401) 965-8687"
"0906f3ce-aef5-4c2a-94e4-9b013331d4c1","35","Vegetarian","hector.williams@example.com","Hector","Williams","false","+1 (555) 530-9816"
"732fe5e7-0235-4e1d-806d-e6af9d803b7f","40","Vegetarian","grace.davis@test.org","Grace","Davis","false","+1 (555) 652-1358"
"71eccae1-796d-4622-8ac3-41ca06ce5f07","73","Vegetarian","alice.garcia@example.com","Alice","Garcia","false","+1 (555) 470-5555"
"56944784-6a28-462d-9462-bda64b70f354","39","Keto","ivy.martinez@example.com","Ivy","Martinez","true","+1 (555) 113-2575"
"fb5b8b77-c9a6-4d8f-a6d6-88e593978bf4","18","Vegan","alice.miller@test.org","Alice","Miller","false","+1 (555) 683-8838"
"8e85e2c3-334d-4a1b-9a40-040bbcd83236","46","Keto","diana.miller@test.org","Diana","Miller","false","+1 (555) 912-9476"
"154b0d56-27ff-42ad-aeec-03c944a609da","56","Keto","ivy.miller@mail.com","Ivy","Miller","false","+1 (555) 274-8898"
"e05eb372-cd4c-490c-9050-b824170bd43d","69","Vegan","ivy.martinez@test.org","Ivy","Martinez","true","+1 (555) 963-7958"
"0584e239-ebd4-4377-a1c4-f6fbc049920b","34","Vegetarian","hector.smith@test.org","Hector","Smith","false","+1 (555) 987-9666"
"7fa6e4ef-758b-4061-b10b-93f820b175f6","30","None","hector.johnson@mail.com","Hector","Johnson","false","+1 (555) 643-3873"
"272e0b5a-1dbc-4f2a-9901-02367b6298e9","31","Keto","alice.brown@test.org","Alice","Brown","false","+1 (555) 976-1314"
"7c151f73-3782-41ca-82dc-e9983f4e4f9a","43","Vegetarian","eve.garcia@test.org","Eve","Garcia","true","+1 (555) 271-1583"
"03504890-dad8-40e6-aa43-401b42dfde5a","58","Paleo","grace.martinez@test.org","Grace","Martinez","false","+1 (555) 137-7723"
"e683ac92-2fea-42e3-b7f8-4312205f5cbb","74","Vegetarian","frank.garcia@example.com","Frank","Garcia","true","+1 (555) 279-8179"
"bb944348-796c-4d67-bdf7-92c2d8a96903","35","Vegan","diana.jones@test.org","Diana","Jones","false","+1 (555) 416-5306"
"832c8d2f-136d-4b4a-bb50-9d74d70a649c","51","Keto","alice.davis@example.com","Alice","Davis","true","+1 (555) 838-8604"
"76c942ce-d1c1-4106-bcf0-acccb258ccdd","53","Vegetarian","ivy.miller@example.com","Ivy","Miller","false","+1 (555) 939-7966"
"2744b654-ee3e-4644-be83-4d2f59bae2f6","56","None","charlie.davis@test.org","Charlie","Davis","true","+1 (555) 399-7000"
"79c8a4c5-554b-4ea9-925e-70eec7341724","27","None","frank.martinez@example.com","Frank","Martinez","false","+1 (555) 562-6858"
"c12be301-a7f4-453f-9c2f-3dbad38484b0","38","Vegetarian","diana.garcia@test.org","Diana","Garcia","false","+1 (555) 189-7544"
"c0fc53e3-a69a-4d6f-a212-180938a95250","26","Pescatarian","bob.martinez@test.org","Bob","Martinez","true","+1 (555) 275-9969"
"7ccb2430-46dd-4030-b05a-4701fedf23bd","66","None","charlie.rodriguez@example.com","Charlie","Rodriguez","true","+1 (555) 447-6070"
"26d9340d-aabf-4616-a3de-e70bac5c3bdc","36","Vegetarian","bob.miller@mail.com","Bob","Miller","false","+1 (555) 956-5086"
"d24d7fbf-db37-4e91-8714-5772b5fedb6a","46","Paleo","grace.rodriguez@test.org","Grace","Rodriguez","true","+1 (555) 173-8188"
"3d31614f-b007-4e88-8d01-beb751b3f136","31","Pescatarian","hector.davis@test.org","Hector","Davis","true","+1 (555) 391-4024"
"74306c2c-257a-48ca-9dfa-7d8ce2210a24","61","Keto","frank.garcia@test.org","Frank","Garcia","true","+1 (555) 870-1794"
"ec828741-51e0-4927-9db7-662c62b79d17","28","Vegan","alice.johnson@mail.com","Alice","Johnson","false","+1 (555) 932-3751"
"b4bce74d-42d4-4f8f-a1ec-917c979cff56","48","Pescatarian","hector.davis@example.com","Hector","Davis","true","+1 (555) 204-2134"
"427613c4-5550-421b-8fff-f5da676631d3","52","Vegan","alice.jones@test.org","Alice","Jones","true","+1 (555) 916-7440"
"27c6fcc2-64c6-49e2-866f-636d53f928f6","55","Paleo","diana.martinez@test.org","Diana","Martinez","false","+1 (555) 827-3251"
"114a88ed-d365-4944-9267-e70e733b8b1d","21","Pescatarian","hector.brown@example.com","Hector","Brown","false","+1 (555) 273-9200"
"d7524c2f-b9cf-456c-b470-4211252d8532","62","Vegan","diana.martinez@example.com","Diana","Martinez","true","+1 (555) 667-5021"
"d09c14ea-6b3f-430e-99de-f94b1a43b2d7","50","None","charlie.williams@mail.com","Charlie","Williams","false","+1 (555) 377-2954"
"da8bcd1e-d674-4591-82b0-3430c520649a","59","Vegetarian","jack.miller@mail.com","Jack","Miller","true","+1 (555) 434-6084"
"7ab7956a-0ccd-454f-b8c2-3e036f47829c","40","Paleo","grace.miller@example.com","Grace","Miller","false","+1 (555) 104-3029"
"d0c9cbf7-cb24-4cb3-84b2-f1a2bc332c11","20","None","charlie.rodriguez@example.com","Charlie","Rodriguez","true","+1 (555) 878-8410"
"5b3b4aa8-f505-4489-b1bf-9df624968dfe","30","Pescatarian","alice.davis@test.org","Alice","Davis","false","+1 (555) 858-4098"
"f1a34233-3aa7-4fc9-baad-28835fd2d1e4","49","Pescatarian","jack.garcia@mail.com","Jack","Garcia","false","+1 (555) 468-2917"
"24e13f33-b713-4628-b81b-3617519ca1c2","67","Vegetarian","ivy.miller@test.org","Ivy","Miller","true","+1 (555) 155-5511"
"64cd874d-ee88-47e9-86de-82f983d4db1e","59","None","eve.miller@example.com","Eve","Miller","false","+1 (555) 522-4030"
"f72da983-b98a-4744-8d4e-423114b1ed13","65","None","hector.jones@mail.com","Hector","Jones","false","+1 (555) 748-9351"
"dfa2071a-0447-4307-8659-929fbb4bdf61","42","Keto","jack.garcia@mail.com","Jack","Garcia","false","+1 (555) 518-4607"
"6dbe37fe-b0c0-4d5e-91d8-562e052f4ece","77","Vegetarian","diana.rodriguez@test.org","Diana","Rodriguez","false","+1 (555) 904-6795"
"7ee78c3d-224a-46be-837b-cccc40fe6e3d","20","Vegan","bob.garcia@mail.com","Bob","Garcia","true","+1 (555) 544-7674"
"429af45a-0926-4b1c-b902-dffe0d8d2877","42","Keto","diana.williams@example.com","Diana","Williams","true","+1 (555) 398-9548"
"83c5348d-a7a7-4139-bdfc-48b372e0010d","41","Paleo","diana.martinez@mail.com","Diana","Martinez","true","+1 (555) 308-7530"
"0b0c1c8c-ad85-47aa-be8d-ef239ffb11e5","60","Paleo","eve.williams@example.com","Eve","Williams","true","+1 (555) 638-3672"
"beec9bc7-8844-4d76-94b3-2448796c0044","18","Vegetarian","ryanne@resist.design","Ryanne","Graff","true","+1 (401) 965-8687"
"d3328be3-d6d2-418b-a79c-f5f445512399","60","Keto","frank.brown@mail.com","Frank","Brown","true","+1 (555) 450-1412"
"51886d00-4ebf-4697-b0d1-20be9bed4920","67","Keto","grace.jones@example.com","Grace","Jones","false","+1 (555) 482-5253"
"36ac8fe6-fd4c-42d9-8ea1-9bb687fb1c60","23","Vegetarian","eve.garcia@mail.com","Eve","Garcia","false","+1 (555) 617-7489"
"1c078c99-5dd6-443e-8320-3a1f395b2781","52","Keto","charlie.davis@example.com","Charlie","Davis","false","+1 (555) 949-1180"
"0f76795f-4b46-4d58-a306-a15680f8da08","48","Vegan","grace.miller@mail.com","Grace","Miller","false","+1 (555) 576-2931"
"37e25c0f-74b0-4fa7-80be-d96d117484a9","18","Pescatarian","ivy.johnson@test.org","Ivy","Johnson","false","+1 (555) 523-8763"
"1541accc-27d7-427e-a566-e63d7172213f","68","Vegetarian","grace.brown@test.org","Grace","Brown","false","+1 (555) 235-4464"
"5957dfad-a9cd-4cf7-8998-71b8867b04fa","37","Vegetarian","diana.davis@mail.com","Diana","Davis","false","+1 (555) 521-6039"
"6a2f41a5-14f1-4067-9b2a-822e317353c1","25","Vegan","ivy.miller@test.org","Ivy","Miller","true","+1 (555) 865-8542"
"37a3016d-e368-4eaf-9bf6-4f7c78017d5f","70","Paleo","grace.johnson@example.com","Grace","Johnson","false","+1 (555) 220-1482"
"481f9f36-b050-499e-830e-87cc34f95073","31","Vegetarian","hector.williams@mail.com","Hector","Williams","true","+1 (555) 380-3140"
"97557047-e097-4140-9ece-c19a650188bb","74","None","grace.williams@mail.com","Grace","Williams","false","+1 (555) 175-4582"
"e19b44b0-71b9-4016-abbd-450540f743d3","68","Paleo","ivy.williams@mail.com","Ivy","Williams","false","+1 (555) 989-6500"
"7066ff1f-786a-4936-9ff4-3f296f7fa4e4","58","Vegetarian","charlie.smith@test.org","Charlie","Smith","false","+1 (555) 324-7300"
"c6061702-8ac4-4bbd-b2e6-77c978898659","44","Keto","grace.williams@mail.com","Grace","Williams","false","+1 (555) 986-4685"
"d4d39bad-460c-43f7-9d28-006efb10756c","67","Vegetarian","jack.brown@example.com","Jack","Brown","true","+1 (555) 973-2890"
"f665711b-b6fe-4e5e-be06-92b4b3f17f9a","74","Keto","charlie.brown@mail.com","Charlie","Brown","true","+1 (555) 831-5102"
"8bfed05c-2e2c-4100-bdfe-695210e96883","56","Pescatarian","ivy.smith@mail.com","Ivy","Smith","false","+1 (555) 206-7591"
"0de26e3f-2a15-4038-9f64-e717802cb7a0","77","Paleo","charlie.smith@mail.com","Charlie","Smith","true","+1 (555) 962-7346"
"f3acfd59-13f3-490f-bba5-175a7660f116","29","Paleo","charlie.garcia@example.com","Charlie","Garcia","true","+1 (555) 162-9113"
"159cbb51-006a-41e4-b8ed-e4bb9b8af5b7","74","Keto","bob.johnson@example.com","Bob","Johnson","true","+1 (555) 644-7718"
"0e21518f-cde1-411b-97c3-fdacd2d3f19f","20","Vegetarian","ivy.smith@mail.com","Ivy","Smith","true","+1 (555) 310-4944"
"43efcf29-0083-462f-b49b-6599ba9a9ee0","46","Keto","alice.jones@example.com","Alice","Jones","false","+1 (555) 724-3975"
"1d97169b-08aa-4556-93fa-00e0e384c7da","47","Paleo","hector.brown@mail.com","Hector","Brown","true","+1 (555) 160-9678"
"5ed1ce64-cafa-4b35-94ff-965b812766fb","66","Vegetarian","diana.jones@test.org","Diana","Jones","false","+1 (555) 443-7703"
"5edebe03-59d9-4664-9125-7c0d48710798","47","Paleo","jack.martinez@example.com","Jack","Martinez","false","+1 (555) 266-1736"
"449cd484-890a-414b-8f59-a1c4130e3294","20","Pescatarian","alice.rodriguez@mail.com","Alice","Rodriguez","false","+1 (555) 961-9636"
"699ed2e5-f4aa-4447-982e-0686ca24de8f","54","Paleo","hector.williams@example.com","Hector","Williams","false","+1 (555) 242-7817"
"8c54ce96-252d-453c-83b6-adc97acb23aa","30","Pescatarian","grace.johnson@test.org","Grace","Johnson","true","+1 (555) 416-7343"
"1f5e1926-a1a9-42d3-b88c-030d6e3dedd2","29","None","eve.garcia@mail.com","Eve","Garcia","true","+1 (555) 531-4221"
"d70671b0-26a4-4c3f-ba09-6e68b33f93db","67","Pescatarian","grace.jones@mail.com","Grace","Jones","true","+1 (555) 185-6102"
"cc60a3bb-e3b2-492e-bef3-f6c73412d443","65","Vegan","grace.johnson@example.com","Grace","Johnson","true","+1 (555) 348-8727"
"6fc97eff-c4d9-4cab-a092-696340959fb1","43","Pescatarian","grace.martinez@test.org","Grace","Martinez","true","+1 (555) 109-9885"
"b7657bc2-8946-4934-8664-b0c1dada2732","22","Paleo","bob.garcia@example.com","Bob","Garcia","false","+1 (555) 414-9724"
"0fdea8f8-ad92-433f-b065-7bb70b3ea857","73","Vegetarian","alice.miller@example.com","Alice","Miller","false","+1 (555) 882-6933"
"8bd488ee-ccfd-4a6b-8fa9-aeebc4c3405e","32","None","ivy.martinez@mail.com","Ivy","Martinez","true","+1 (555) 583-1217"
"345f2e7b-2100-43c5-aeb1-fb1bab3330b1","67","Vegetarian","frank.brown@test.org","Frank","Brown","false","+1 (555) 338-2779"
"995870ae-ce84-41ce-b00e-40ca51ed198e","26","Keto","frank.davis@mail.com","Frank","Davis","false","+1 (555) 984-8048"
"f13f1792-4f40-4cdc-9186-77c74672198a","43","Paleo","alice.smith@example.com","Alice","Smith","false","+1 (555) 298-7434"
"672d69c8-2076-4586-a4c7-acb0be24c4ac","60","Vegan","bob.garcia@mail.com","Bob","Garcia","true","+1 (555) 875-3026"
"22d8cc7a-31ca-49da-a75a-c4448fcd5faa","59","Vegetarian","charlie.williams@example.com","Charlie","Williams","true","+1 (555) 922-5331"
"63d80034-2916-4704-af1f-9126c110c7ce","69","None","bob.smith@example.com","Bob","Smith","false","+1 (555) 246-3506"
"da9eb68a-1c9b-4ac0-9c55-2f9cc26027c1","57","Paleo","hector.martinez@mail.com","Hector","Martinez","false","+1 (555) 958-8894"
"ba964a07-b59f-4bdc-9f06-c6c701344993","80","Pescatarian","alice.miller@mail.com","Alice","Miller","true","+1 (555) 573-3665"
"e827acd7-b211-45b2-9b49-029b415fb7f1","31","Paleo","bob.rodriguez@mail.com","Bob","Rodriguez","false","+1 (555) 764-5545"
"39425c72-a109-4576-b479-3a5773455cbb","38","Keto","eve.smith@mail.com","Eve","Smith","true","+1 (555) 888-1627"
"b6ca84e7-7547-445b-ae4e-fc1c26331bc6","45","Vegan","diana.smith@example.com","Diana","Smith","true","+1 (555) 650-2637"
"7685efb7-fab4-475b-9436-ad254713eac2","48","Pescatarian","jack.martinez@test.org","Jack","Martinez","true","+1 (555) 374-2791"
"5017d981-85fe-4be9-ad6f-4c2da0e8cecc","57","Vegan","grace.rodriguez@mail.com","Grace","Rodriguez","false","+1 (555) 529-2862"
"199c2632-c764-4182-b8fc-567f1d1c1a3a","59","Vegan","ivy.martinez@test.org","Ivy","Martinez","false","+1 (555) 282-7061"
"2702e561-a881-4b55-ae02-fdc949dd6885","71","Vegan","grace.jones@mail.com","Grace","Jones","true","+1 (555) 475-5071"
"8229bbbf-40a2-4ac6-b4ed-67e6e0d3f1f1","42","Vegetarian","diana.jones@example.com","Diana","Jones","true","+1 (555) 391-2061"
"c82e1f8a-4092-4ea5-a285-4748fe117aff","46","Paleo","ivy.smith@mail.com","Ivy","Smith","true","+1 (555) 888-8747"
"bcccd010-94f3-437f-8552-b6dfc5e89f91","41","Vegan","alice.williams@example.com","Alice","Williams","true","+1 (555) 191-8954"
"a5eaea7f-735d-42dc-a7ea-c85e93822a2f","48","Keto","charlie.smith@mail.com","Charlie","Smith","true","+1 (555) 942-1432"
"808bddaf-c40f-4b4b-bbcb-e3e7a92cd4f1","70","None","ivy.miller@mail.com","Ivy","Miller","false","+1 (555) 690-4685"
"9bef3438-92a4-4704-96d5-21442d36ecfb","77","Vegetarian","alice.smith@test.org","Alice","Smith","true","+1 (555) 743-7756"
"ee604a7e-a5d7-42cd-9012-659fddf3c79d","80","Paleo","charlie.miller@mail.com","Charlie","Miller","false","+1 (555) 963-5181"
"d9828064-2872-495c-a367-b9d0e2d6d8ca","45","Paleo","frank.smith@example.com","Frank","Smith","false","+1 (555) 890-7519"
"2b685506-92e8-4409-a556-84970a6b0e84","78","Keto","alice.jones@example.com","Alice","Jones","true","+1 (555) 615-4010"
"660cdcea-1aad-4bbb-b47e-48e699530599","33","Paleo","jack.davis@test.org","Jack","Davis","false","+1 (555) 211-5591"
"0f6416cb-692b-434c-a3f9-6e5ce0605d8c","77","Vegetarian","bob.jones@test.org","Bob","Jones","true","+1 (555) 978-7270"
"e950300f-d4e6-4e96-9594-cebd7a076eab","57","Keto","frank.williams@mail.com","Frank","Williams","true","+1 (555) 651-2284"
"0ab5df60-2a88-43f0-a82a-b6341549e3b0","58","Paleo","hector.williams@test.org","Hector","Williams","false","+1 (555) 732-4298"
"b9bc715e-41e3-4d4f-a9aa-6ee1176df66b","48","Vegan","hector.smith@test.org","Hector","Smith","true","+1 (555) 579-8693"
"992eb56a-5562-404d-a23c-a1eee3729452","28","Keto","bob.brown@mail.com","Bob","Brown","true","+1 (555) 343-1819"
"44c859eb-c510-4538-b5af-8e23852b5ed0","26","Pescatarian","charlie.garcia@test.org","Charlie","Garcia","true","+1 (555) 864-1793"
"a4a2b620-e280-4537-b5eb-628787799582","48","Pescatarian","diana.smith@test.org","Diana","Smith","false","+1 (555) 331-4598"
"7fcc63ae-8e93-4896-bf2b-9dab4b21aca2","54","Vegan","diana.johnson@example.com","Diana","Johnson","false","+1 (555) 823-3292"
"b767ce15-8497-4dbb-9d45-f9765aa97780","62","Vegan","eve.johnson@example.com","Eve","Johnson","false","+1 (555) 277-7601"
"a210026a-0eb1-4b67-8cf1-3df47c97abfa","37","Pescatarian","hector.smith@example.com","Hector","Smith","false","+1 (555) 884-5454"
"7c47a72a-7605-41c4-9f4d-191875893b51","49","Keto","hector.rodriguez@example.com","Hector","Rodriguez","true","+1 (555) 924-7455"
"bcc47b29-c72c-4855-a3bc-dd927944cb88","73","None","alice.brown@example.com","Alice","Brown","false","+1 (555) 699-3388"
"9fae61b6-fbd2-418e-8e4d-cd61ab17f393","27","None","eve.jones@mail.com","Eve","Jones","false","+1 (555) 184-7079"
"3c825c75-3ebc-4c53-9768-36cae0563d8c","50","Keto","jack.garcia@example.com","Jack","Garcia","false","+1 (555) 964-6038"
"e3aea66f-9dcb-4e5d-9a28-95dcef97ae2d","28","Vegan","grace.davis@example.com","Grace","Davis","false","+1 (555) 717-5761"
"68f28931-4097-459b-9a07-2f7dec95ba23","77","Vegan","ivy.jones@test.org","Ivy","Jones","true","+1 (555) 344-7360"
"0cedff46-f325-4456-92b9-3fd84697c41a","57","None","diana.garcia@mail.com","Diana","Garcia","true","+1 (555) 836-4886"
"4f2e6219-770c-4db5-b5e7-3770bbf2aadc","27","Pescatarian","hector.brown@mail.com","Hector","Brown","false","+1 (555) 724-2626"
"706686d5-6316-4a7b-8867-5469c5564629","19","None","frank.jones@example.com","Frank","Jones","true","+1 (555) 314-1301"
"d3d88645-a55c-4262-8633-ac12e5965c39","33","Vegetarian","jack.johnson@mail.com","Jack","Johnson","true","+1 (555) 599-6559"
"55c3998c-989b-46e1-af55-379194154a51","26","Keto","jack.smith@mail.com","Jack","Smith","true","+1 (555) 745-5999"
"a2b3fc75-3f96-4447-a90e-b58185ea4cb4","61","Vegan","hector.davis@test.org","Hector","Davis","false","+1 (555) 351-9226"
"27fc0e24-8d5d-4b09-add8-b5f85769a1c1","71","Paleo","hector.jones@mail.com","Hector","Jones","true","+1 (555) 777-5688"
"be717306-89b1-40eb-9b37-65e787d0be99","46","Pescatarian","frank.garcia@mail.com","Frank","Garcia","false","+1 (555) 438-9987"
"f74a528f-6c6e-4b16-a6bb-f912befd34ce","35","Keto","frank.brown@test.org","Frank","Brown","false","+1 (555) 551-4574"
"a505e078-fb5b-4777-86ba-166abecfa35f","35","Keto","frank.martinez@test.org","Frank","Martinez","true","+1 (555) 564-7501"
"cae4e5b6-ce2e-4041-bd86-b8da00dda5ef","64","Pescatarian","charlie.johnson@test.org","Charlie","Johnson","false","+1 (555) 998-1580"
"5dcab666-fab9-4159-9460-d8120046b6ac","73","Vegetarian","diana.johnson@example.com","Diana","Johnson","false","+1 (555) 460-4850"
"7a6cb834-4b49-4533-9e6c-e4894f768f71","45","Vegetarian","grace.martinez@example.com","Grace","Martinez","false","+1 (555) 833-7745"
"0f36f22b-491c-4694-95e7-34e652eed69d","49","None","frank.martinez@example.com","Frank","Martinez","true","+1 (555) 821-1493"
"884c365d-2866-4d1d-9bd4-97dd08aff2eb","25","Keto","rose@resist.design","Rose","Billington","true","+1 (774) 737-8719"
"2f07ac3f-d02c-4d6a-ab4a-4c2695b3c093","32","Paleo","charlie.davis@example.com","Charlie","Davis","false","+1 (555) 649-7124"
"904b399b-0a42-4e7b-b53f-5fc0b6adf62b","29","None","frank.williams@example.com","Frank","Williams","false","+1 (555) 443-6967"
"5c7fe8fc-d19f-4888-9043-a5a44558b586","75","Vegan","ivy.davis@example.com","Ivy","Davis","false","+1 (555) 161-6843"
"587420d3-a6a2-4a0e-b5b3-24ed57a04b9d","57","Vegetarian","eve.williams@mail.com","Eve","Williams","true","+1 (555) 827-8711"
"40fd2866-e2ad-42d7-999b-9ffaa8fecffa","23","None","jack.johnson@example.com","Jack","Johnson","false","+1 (555) 498-8897"
"d7062e79-a96b-4596-bdbe-3b7bbbbe44b1","77","Paleo","eve.martinez@mail.com","Eve","Martinez","false","+1 (555) 952-6167"
"3d01c9cc-5d1c-48a5-8b11-eb1b0f09367a","41","Paleo","ivy.martinez@test.org","Ivy","Martinez","true","+1 (555) 394-7406"
"27452049-1d9d-4377-9043-aeec1eec2d15","35","Vegetarian","frank.brown@test.org","Frank","Brown","true","+1 (555) 121-6067"
"8bb696ca-143f-44d1-a5a4-18dbfc49c718","33","Pescatarian","eve.jones@test.org","Eve","Jones","false","+1 (555) 152-2807"
"a072f609-aa6c-44d3-8a7f-430acb90be4f","70","Pescatarian","alice.brown@example.com","Alice","Brown","false","+1 (555) 323-3874"
"7c8bbea4-7386-473b-a0bc-da0c60aa6c88","57","Pescatarian","eve.garcia@test.org","Eve","Garcia","false","+1 (555) 614-8588"
"8ff68c52-0f20-4991-a5cb-14d528d24f69","65","None","charlie.miller@test.org","Charlie","Miller","true","+1 (555) 976-3802"
"bb63a4ca-0528-49f6-aae0-5ac87a7a2293","61","Paleo","charlie.brown@example.com","Charlie","Brown","false","+1 (555) 892-6017"
"38504b1f-be2a-4222-b236-2e47b291ebe1","40","Paleo","jack.davis@example.com","Jack","Davis","true","+1 (555) 445-5408"
"5b59e485-f4b9-4e9d-b633-67137b364584","80","None","hector.jones@example.com","Hector","Jones","false","+1 (555) 728-1070"
"003622d8-68cc-4723-b004-322b9fc17f18","50","None","frank.williams@mail.com","Frank","Williams","false","+1 (555) 844-6259"
"b19403ba-0312-4bf2-a04a-692920f60381","58","None","bob.johnson@test.org","Bob","Johnson","false","+1 (555) 944-3985"
"3df62bbd-f404-4d02-bbf4-f9fda1acf6ca","69","None","alice.rodriguez@example.com","Alice","Rodriguez","false","+1 (555) 378-9560"
"19b2e649-2dab-4ade-b43b-b395625390fc","37","None","diana.rodriguez@test.org","Diana","Rodriguez","false","+1 (555) 158-6611"
"c9e83c00-5de7-4cf0-90d3-4ca943eeb78b","30","Vegetarian","bob.rodriguez@example.com","Bob","Rodriguez","true","+1 (555) 999-4749"
"55e8cea2-0498-45a4-8317-a32eafae825b","53","Keto","eve.garcia@example.com","Eve","Garcia","false","+1 (555) 938-4165"
"3fb605da-c9eb-4ff2-9ac6-7b5ca4bd9209","62","Keto","ivy.jones@mail.com","Ivy","Jones","false","+1 (555) 801-5047"
"e8776bf3-62a5-48da-862e-ff75708ac989","58","Keto","frank.garcia@mail.com","Frank","Garcia","false","+1 (555) 949-8024"
"b6700a77-1117-4390-8892-2d87cd122630","26","Keto","charlie.davis@test.org","Charlie","Davis","false","+1 (555) 958-7316"
"95570d79-96be-46a1-88f4-acf4d4c3a94e","57","None","alice.johnson@test.org","Alice","Johnson","true","+1 (555) 290-1182"
"acc3b89e-2a1e-4522-a1c4-8fb63adfae09","49","Keto","eve.rodriguez@example.com","Eve","Rodriguez","true","+1 (555) 955-8824"
"6605ca55-c45b-43a1-bb41-026cda0a4cbd","77","Vegetarian","frank.davis@mail.com","Frank","Davis","true","+1 (555) 495-7248"
"2baf572f-73ac-480d-8979-d5861522412d","35","Pescatarian","grace.jones@test.org","Grace","Jones","true","+1 (555) 459-4353"
"8bbd00cc-2530-4660-a4bd-f0f3607c4fba","62","Vegetarian","charlie.johnson@example.com","Charlie","Johnson","false","+1 (555) 173-3150"
"94acfedb-0145-4075-99e5-eb334e4091f7","43","Vegetarian","frank.smith@example.com","Frank","Smith","false","+1 (555) 745-1853"
"59e8ab0a-f85d-4775-8bb5-0c11d2f0b648","68","None","charlie.rodriguez@example.com","Charlie","Rodriguez","false","+1 (555) 873-5736"
"cea19d4a-8b44-4504-b141-f2707af5aa08","22","Vegetarian","hector.jones@mail.com","Hector","Jones","false","+1 (555) 898-6176"
"80ebb251-5d3c-4a74-bb4a-c75ac5c1d11e","55","Paleo","frank.smith@mail.com","Frank","Smith","true","+1 (555) 859-2766"
"bf60416b-c9fa-40df-9553-cd43f33d2f67","54","Paleo","alice.williams@example.com","Alice","Williams","false","+1 (555) 953-6239"
"86b3316a-3a9f-4814-852f-b61cde2c6abf","34","Vegan","charlie.davis@mail.com","Charlie","Davis","true","+1 (555) 940-5121"
"1164d57b-7d24-4446-8f4b-a0efe94162e6","56","Vegetarian","alice.garcia@example.com","Alice","Garcia","true","+1 (555) 897-1547"
"9e4aac8b-06f0-4e1e-b846-3a550858a457","18","Keto","charlie.williams@example.com","Charlie","Williams","false","+1 (555) 984-2701"
"b3209dfd-8469-431d-90f3-1eb06010bde9","66","None","jack.martinez@example.com","Jack","Martinez","false","+1 (555) 989-5075"
"e2ae6f4b-8957-4809-9eb3-7150cca51fd3","35","Vegan","eve.brown@test.org","Eve","Brown","true","+1 (555) 371-4491"
"49ccb1b4-9c24-4271-b056-346bd0d63db9","77","Vegetarian","eve.smith@test.org","Eve","Smith","true","+1 (555) 110-2280"
"f894b9ec-974c-4ab9-b1e8-c9356f7be296","78","Pescatarian","jack.jones@test.org","Jack","Jones","true","+1 (555) 876-8550"
"8262a438-7d3b-464d-979b-6fe16a03e656","55","Vegetarian","hector.garcia@test.org","Hector","Garcia","true","+1 (555) 637-6424"
"4609f7f0-474b-4c19-bf2b-7da23ba4f9a2","58","Pescatarian","bob.martinez@mail.com","Bob","Martinez","true","+1 (555) 468-8634"
"14559567-81ec-48b3-986b-98acc0b751e2","56","Vegan","bob.davis@test.org","Bob","Davis","false","+1 (555) 492-5701"
"355f1aee-4087-4b62-9d65-dcf500ab2a4e","63","None","bob.rodriguez@example.com","Bob","Rodriguez","false","+1 (555) 571-1740"
"c94c6dfe-2d7b-4e27-b55f-caf9a6561fae","60","Vegan","eve.davis@example.com","Eve","Davis","false","+1 (555) 174-6159"
"a30c6e34-6c54-4a6a-b4ff-400946d0a454","54","Pescatarian","diana.brown@example.com","Diana","Brown","true","+1 (555) 300-8617"
"b6e2440f-9e8f-46d1-81aa-d3a998ea9fdf","47","Paleo","hector.martinez@mail.com","Hector","Martinez","false","+1 (555) 376-8993"
"97ee49cb-9415-4e33-a13d-c2f73724861b","54","Vegan","ivy.davis@example.com","Ivy","Davis","true","+1 (555) 105-5556"
"a2d5f4f9-3cec-4daa-ab6a-04390035a734","20","Pescatarian","hector.martinez@test.org","Hector","Martinez","false","+1 (555) 688-6225"
"d453d7dd-f2c2-47eb-987e-37ab433e6c29","31","Paleo","hector.garcia@mail.com","Hector","Garcia","true","+1 (555) 181-5495"
"57a42e2c-d446-416e-8844-909b1f2a65c2","50","None","frank.rodriguez@mail.com","Frank","Rodriguez","false","+1 (555) 160-6184"
"65c50eb4-9d0a-4de8-9135-600adb1b852b","29","Paleo","jack.davis@example.com","Jack","Davis","false","+1 (555) 686-6195"
"cdfe8170-9fbf-49d7-bcd5-fdce409434f0","52","None","hector.smith@example.com","Hector","Smith","true","+1 (555) 893-4895"
"5d1f0d9e-728c-495f-ad54-53610ff87719","59","Vegan","hector.johnson@mail.com","Hector","Johnson","true","+1 (555) 303-7494"
"1ef42413-a173-41bd-b073-be3b2c9834b2","38","None","alice.brown@example.com","Alice","Brown","true","+1 (555) 906-4616"
"598fed3a-8d7b-493c-9ee1-aa07e43f9f04","47","Paleo","alice.brown@test.org","Alice","Brown","false","+1 (555) 704-2834"
"508f8e53-876a-48e4-a61e-a053d7515fa5","20","None","eve.brown@example.com","Eve","Brown","false","+1 (555) 646-3983"
"250a452d-3a2e-432f-ab03-51d87112364f","58","Vegan","ivy.rodriguez@mail.com","Ivy","Rodriguez","true","+1 (555) 214-1816"
"5c344a2a-20ca-4ab4-b96b-38ec011a6591","33","None","eve.johnson@example.com","Eve","Johnson","true","+1 (555) 977-6130"
"379b8897-7c9f-4aeb-8c18-a607b46fff7c","75","Keto","bob.williams@example.com","Bob","Williams","true","+1 (555) 870-8244"
"8d8198fa-0da5-4392-9c28-2d8ee4cd5199","32","Paleo","hector.johnson@example.com","Hector","Johnson","true","+1 (555) 328-7126"
"6c370abb-5e9f-42c9-b2a4-469877c02658","53","Vegan","frank.smith@example.com","Frank","Smith","false","+1 (555) 710-8097"
"69e2a469-1967-468d-8440-85f5b681fdcc","24","Vegetarian","alice.miller@test.org","Alice","Miller","true","+1 (555) 317-4764"
"d146d844-021c-4862-85e9-9a205875715c","77","Pescatarian","eve.smith@test.org","Eve","Smith","false","+1 (555) 343-5642"
"8b74f381-6279-4965-81b7-ca2152518818","28","Vegetarian","charlie.williams@test.org","Charlie","Williams","false","+1 (555) 199-3141"
"6d56c04c-4b48-46f7-a148-5bc195f41366","50","Paleo","frank.jones@mail.com","Frank","Jones","false","+1 (555) 952-2790"
"8f71eb7b-af77-4721-ae61-25ff638f54a1","30","Pescatarian","ivy.williams@mail.com","Ivy","Williams","false","+1 (555) 980-5458"
"ad35adba-12b7-4ca3-a95d-a429e754a0d5","34","Keto","bob.brown@mail.com","Bob","Brown","true","+1 (555) 182-7308"
"c8a07ea1-52dc-480f-a5ba-a9c3bfeadb27","27","Paleo","jack.johnson@test.org","Jack","Johnson","false","+1 (555) 265-5076"
"e9c6902c-870e-4b84-8838-9910996acd15","79","None","ivy.jones@example.com","Ivy","Jones","false","+1 (555) 903-4950"
"cc29653a-134d-461e-885d-df7dc6a3cdd9","70","Paleo","frank.martinez@test.org","Frank","Martinez","false","+1 (555) 783-7307"
"388ee82f-86f8-4f42-a098-ae40b6a7c304","76","None","ivy.johnson@mail.com","Ivy","Johnson","true","+1 (555) 484-6277"
"94b5e7af-fcf1-476b-9c25-a0085009cd89","19","Pescatarian","hector.brown@mail.com","Hector","Brown","false","+1 (555) 308-2931"
"5c837861-fbca-4f41-b222-a757c9d40202","63","Keto","ivy.smith@example.com","Ivy","Smith","true","+1 (555) 631-8839"
"df1c5089-7cdb-48aa-b404-b120a63687b5","30","Vegan","hector.johnson@test.org","Hector","Johnson","false","+1 (555) 852-2172"
"380589a1-2c54-45ef-8b4d-47aea42a4bc1","25","Vegan","diana.smith@test.org","Diana","Smith","true","+1 (555) 899-8986"
"db6953ba-7ef4-461e-aceb-dafd2f388dde","44","Paleo","ivy.jones@example.com","Ivy","Jones","false","+1 (555) 948-2102"
"20178a5d-04fb-40d3-9671-2636870cc20c","40","Paleo","ivy.rodriguez@mail.com","Ivy","Rodriguez","false","+1 (555) 233-1783"
"19bc07f0-4090-46ea-bf06-4e6b50c08c7f","48","Vegan","hector.williams@example.com","Hector","Williams","true","+1 (555) 287-1049"
"817ecd15-3d87-4ce8-856f-b80a0ae7daf5","19","Vegetarian","bob.williams@example.com","Bob","Williams","false","+1 (555) 657-3072"
"f409b6ac-1c29-4323-aed1-b02522c1042c","72","None","charlie.miller@test.org","Charlie","Miller","true","+1 (555) 930-7800"
"42d2ad7d-ca0a-45f9-9162-7f568e7b3831","69","None","ivy.garcia@test.org","Ivy","Garcia","true","+1 (555) 988-3488"
"91209c72-6de7-48f1-ba34-1b04d21ac692","73","Paleo","hector.williams@example.com","Hector","Williams","false","+1 (555) 978-7866"
"cf568ac8-58cc-47a2-8046-de06d427e069","32","Keto","frank.martinez@example.com","Frank","Martinez","true","+1 (555) 551-2422"
"9f68e782-1f9a-48fb-801e-3df8922e57fd","23","Keto","frank.garcia@mail.com","Frank","Garcia","false","+1 (555) 416-2227"
"582e1c21-098f-40f4-bdde-db158d294e82","19","Paleo","alice.rodriguez@example.com","Alice","Rodriguez","true","+1 (555) 253-9454"
"f28af90d-f61f-4c76-a9af-b8cd2fa18173","76","Vegan","hector.garcia@test.org","Hector","Garcia","true","+1 (555) 378-2515"
"8ee5a423-2810-4c0c-95c9-7ba44e5476de","48","Pescatarian","jack.miller@example.com","Jack","Miller","true","+1 (555) 112-2907"
"7c0ecd1b-a4f5-4ad8-a6ef-a23baa5094e9","25","None","grace.johnson@test.org","Grace","Johnson","false","+1 (555) 239-4098"
"270d4b87-b5d4-40de-8f6a-6799d5c9b443","30","Keto","jack.johnson@example.com","Jack","Johnson","true","+1 (555) 242-8125"
"ab737959-6794-42c8-9e15-0abe15fa024e","70","Vegetarian","hector.smith@example.com","Hector","Smith","false","+1 (555) 349-1778"
"db20e20a-a869-45dd-9eb1-6d3ccff74a01","48","Vegan","hector.smith@mail.com","Hector","Smith","false","+1 (555) 473-9344"
"c8c291a5-cf12-4dcd-80ea-391ea0914582","40","Pescatarian","jack.garcia@example.com","Jack","Garcia","true","+1 (555) 386-4113"
"cf6de0b7-16c2-47ee-9934-ae1dd110abb3","31","Pescatarian","frank.jones@example.com","Frank","Jones","false","+1 (555) 122-8456"
"8997526c-8be9-4333-b049-555dff0e6e74","50","Vegetarian","jack.martinez@example.com","Jack","Martinez","true","+1 (555) 382-1692"
"6ea2b754-5e1f-444d-a8fb-47fcfba9c824","65","Paleo","eve.williams@test.org","Eve","Williams","false","+1 (555) 124-5427"
"010198eb-bd90-47b3-af94-1b1b9392a4fe","51","None","eve.miller@mail.com","Eve","Miller","false","+1 (555) 762-6468"
"f4352f46-dc99-4d50-a488-f61e6c68d075","71","Vegan","grace.johnson@mail.com","Grace","Johnson","true","+1 (555) 430-1148"
"3b163207-c374-4447-ba0a-24ce60fc828f","46","Vegetarian","jack.williams@test.org","Jack","Williams","true","+1 (555) 875-1776"
"0074f3bb-ac75-4dcd-abae-fdeebf492929","70","Paleo","frank.miller@mail.com","Frank","Miller","true","+1 (555) 338-1685"
"1064279d-836a-4467-9b65-002907228db6","55","None","jack.garcia@test.org","Jack","Garcia","false","+1 (555) 223-6177"
"b232d34c-a2b2-4971-8c90-7bb12d7f6f1f","40","Vegetarian","bob.miller@mail.com","Bob","Miller","true","+1 (555) 582-4244"
"bceedf8b-7e04-4e75-b23d-be415bdcc113","65","Vegetarian","grace.miller@mail.com","Grace","Miller","true","+1 (555) 143-5140"
"5f9f00a8-4ec6-43b0-b9de-5b91abc6b7b8","39","Keto","charlie.johnson@mail.com","Charlie","Johnson","true","+1 (555) 416-4773"
"c06f5c0b-20d0-4f5b-84ab-9339c49280d4","74","Paleo","bob.davis@mail.com","Bob","Davis","true","+1 (555) 141-4714"
"f8298e98-ff98-46ba-b68a-6202c32eb486","34","Paleo","diana.davis@mail.com","Diana","Davis","false","+1 (555) 300-7148"
"dc2e8058-6e90-4cc6-8457-f23f8acba296","69","None","bob.smith@mail.com","Bob","Smith","true","+1 (555) 624-9412"
"a46f96c1-7a68-45dc-b103-e8357117c533","65","Vegetarian","jack.jones@test.org","Jack","Jones","false","+1 (555) 498-6057"
"a9e6a77d-eb66-4e20-b581-1c1f12b2720b","51","None","hector.jones@test.org","Hector","Jones","true","+1 (555) 165-9272"
"99d537d2-2de0-4cd2-87ba-6702dbce5281","50","Vegan","charlie.williams@example.com","Charlie","Williams","false","+1 (555) 427-8153"
"d5d58c49-bca5-474f-9d76-a781318b5225","24","Pescatarian","diana.miller@mail.com","Diana","Miller","false","+1 (555) 346-5934"
"20ea89e2-5dbb-486f-acbe-e0dc17add2b8","73","Paleo","alice.martinez@example.com","Alice","Martinez","false","+1 (555) 185-7668"
"f60b1ac0-c951-45d6-b382-1232bf67b78a","37","Paleo","charlie.williams@test.org","Charlie","Williams","true","+1 (555) 907-8952"
"a9044940-5eee-4a0f-9543-82b3de933b0e","35","Keto","frank.davis@test.org","Frank","Davis","false","+1 (555) 222-9935"
"17e4b6bc-f677-4100-b4d2-2e2b5b86c969","35","Pescatarian","frank.rodriguez@test.org","Frank","Rodriguez","false","+1 (555) 700-2459"